Workbook

Sheet 대시보드
A1: 업무일지 관리 대시보드 | H1: Riido 스타일 주간 업무 템플릿
A2: 주 시작일 | B2: 46160 | D2: 팀 | E2: H | G2: 사용법 | H2: 업무일지 시트에 행을 추가하면 대시보드 집계가 갱신됩니다.
A4: 총 업무 | C4: 완료 | E4: 진행중 | G4: 이슈
A5: =COUNTA('업무일지'!G7:G206) | C5: =COUNTIF('업무일지'!M7:M206,"완료") | E5: =COUNTIF('업무일지'!M7:M206,"진행중") | G5: =COUNTIF('업무일지'!M7:M206,"이슈")
A7: 이번 주 핵심 업무 | B7: 담당자 | C7: 상태 | D7: 진행률 | E7: 다음 작업 | F7: 이슈/협조
A8: =IFERROR(INDEX('업무일지'!G$7:G$206,1),"") | B8: =IFERROR(INDEX('업무일지'!D$7:D$206,1),"") | C8: =IFERROR(INDEX('업무일지'!M$7:M$206,1),"") | D8: =IFERROR(INDEX('업무일지'!L$7:L$206,1),"") | E8: =IFERROR(INDEX('업무일지'!P$7:P$206,1),"") | F8: =IFERROR(INDEX('업무일지'!O$7:O$206,1),"")
A9: =IFERROR(INDEX('업무일지'!G$7:G$206,2),"") | B9: =IFERROR(INDEX('업무일지'!D$7:D$206,2),"") | C9: =IFERROR(INDEX('업무일지'!M$7:M$206,2),"") | D9: =IFERROR(INDEX('업무일지'!L$7:L$206,2),"") | E9: =IFERROR(INDEX('업무일지'!P$7:P$206,2),"") | F9: =IFERROR(INDEX('업무일지'!O$7:O$206,2),"")
A10: =IFERROR(INDEX('업무일지'!G$7:G$206,3),"") | B10: =IFERROR(INDEX('업무일지'!D$7:D$206,3),"") | C10: =IFERROR(INDEX('업무일지'!M$7:M$206,3),"") | D10: =IFERROR(INDEX('업무일지'!L$7:L$206,3),"") | E10: =IFERROR(INDEX('업무일지'!P$7:P$206,3),"") | F10: =IFERROR(INDEX('업무일지'!O$7:O$206,3),"")
A11: =IFERROR(INDEX('업무일지'!G$7:G$206,4),"") | B11: =IFERROR(INDEX('업무일지'!D$7:D$206,4),"") | C11: =IFERROR(INDEX('업무일지'!M$7:M$206,4),"") | D11: =IFERROR(INDEX('업무일지'!L$7:L$206,4),"") | E11: =IFERROR(INDEX('업무일지'!P$7:P$206,4),"") | F11: =IFERROR(INDEX('업무일지'!O$7:O$206,4),"")
A12: =IFERROR(INDEX('업무일지'!G$7:G$206,5),"") | B12: =IFERROR(INDEX('업무일지'!D$7:D$206,5),"") | C12: =IFERROR(INDEX('업무일지'!M$7:M$206,5),"") | D12: =IFERROR(INDEX('업무일지'!L$7:L$206,5),"") | E12: =IFERROR(INDEX('업무일지'!P$7:P$206,5),"") | F12: =IFERROR(INDEX('업무일지'!O$7:O$206,5),"")
A13: =IFERROR(INDEX('업무일지'!G$7:G$206,6),"") | B13: =IFERROR(INDEX('업무일지'!D$7:D$206,6),"") | C13: =IFERROR(INDEX('업무일지'!M$7:M$206,6),"") | D13: =IFERROR(INDEX('업무일지'!L$7:L$206,6),"") | E13: =IFERROR(INDEX('업무일지'!P$7:P$206,6),"") | F13: =IFERROR(INDEX('업무일지'!O$7:O$206,6),"")
A14: =IFERROR(INDEX('업무일지'!G$7:G$206,7),"") | B14: =IFERROR(INDEX('업무일지'!D$7:D$206,7),"") | C14: =IFERROR(INDEX('업무일지'!M$7:M$206,7),"") | D14: =IFERROR(INDEX('업무일지'!L$7:L$206,7),"") | E14: =IFERROR(INDEX('업무일지'!P$7:P$206,7),"") | F14: =IFERROR(INDEX('업무일지'!O$7:O$206,7),"")
A16: 상태별 현황 | D16: 업무유형별 시간
A17: 예정 | B17: =COUNTIF('업무일지'!M$7:M$206,A17) | D17: 설계 | E17: =SUMIF('업무일지'!F$7:F$206,D17,'업무일지'!K$7:K$206)
A18: 진행중 | B18: =COUNTIF('업무일지'!M$7:M$206,A18) | D18: 검토 | E18: =SUMIF('업무일지'!F$7:F$206,D18,'업무일지'!K$7:K$206)
A19: 대기 | B19: =COUNTIF('업무일지'!M$7:M$206,A19) | D19: 회의 | E19: =SUMIF('업무일지'!F$7:F$206,D19,'업무일지'!K$7:K$206)
A20: 완료 | B20: =COUNTIF('업무일지'!M$7:M$206,A20) | D20: 현장 | E20: =SUMIF('업무일지'!F$7:F$206,D20,'업무일지'!K$7:K$206)
A21: 이슈 | B21: =COUNTIF('업무일지'!M$7:M$206,A21) | D21: 문서 | E21: =SUMIF('업무일지'!F$7:F$206,D21,'업무일지'!K$7:K$206)

Sheet 주간캘린더
A1: 주간 업무 캘린더 | H1: 날짜별로 업무를 배치해 주간 업무 흐름을 봅니다.
A2: 주 시작일 | B2: 46160 | D2: 팀 | E2: H
A4: 시간대 | B4: =TEXT($B$2+0,"m/d")&CHAR(10)&"월" | C4: =TEXT($B$2+1,"m/d")&CHAR(10)&"화" | D4: =TEXT($B$2+2,"m/d")&CHAR(10)&"수" | E4: =TEXT($B$2+3,"m/d")&CHAR(10)&"목" | F4: =TEXT($B$2+4,"m/d")&CHAR(10)&"금" | G4: =TEXT($B$2+5,"m/d")&CHAR(10)&"토" | H4: =TEXT($B$2+6,"m/d")&CHAR(10)&"일"
A5: 오전 핵심 | B5: 조도계산 검토 담당: 홍길동 상태: 진행중
A6: 오후 진행 | C6: Revit 모델링 반영 담당: 김설계 상태: 예정
A7: 회의/협업 | D7: 팀 주간회의 16:00
A8: 완료/공유
A9: 이슈/대기 | E9: 자료 수신 대기 협조: 토목팀
A11: 메모 | B11: 업무일지 시트에서 실제 데이터를 입력하고, 이 화면은 주간 계획판처럼 활용하세요.

Sheet 업무일지
A1: 업무일지 입력 | J1: 필터와 드롭다운으로 팀 업무를 기록합니다.
A3: 입력 원칙 | B3: 날짜, 담당자, 업무명, 상태만 입력해도 기본 집계가 됩니다. 시작/종료 시간을 입력하면 시간(h)이 자동 계산됩니다.
A6: 날짜 | B6: 요일 | C6: 팀 | D6: 담당자 | E6: 프로젝트/현장 | F6: 업무유형 | G6: 업무명 | H6: 상세내용 | I6: 시작 | J6: 종료 | K6: 시간(h) | L6: 진행률 | M6: 상태 | N6: 중요도 | O6: 이슈/협조 | P6: 다음 작업 | Q6: 승인
A7: 46160 | B7: =IF(A7="","",TEXT(A7,"aaa")) | C7: H | D7: 홍길동 | E7: 4공구 전력 | F7: 설계 | G7: 조도계산 검토 | H7: 터널 조명 기준값과 산출식 재검토 | I7: 0.375 | J7: 0.708333 | K7: =IF(OR(I7="",J7=""),"",MAX(0,(J7-I7)*24)) | L7: 0.55 | M7: 진행중 | N7: 높음 | O7: 기준서 최신본 확인 필요 | P7: 계산서 수정 후 공유 | Q7: 검토전
A8: 46161 | B8: =IF(A8="","",TEXT(A8,"aaa")) | C8: H | D8: 김설계 | E8: 4공구 전력 | F8: 모델링 | G8: Revit 모델링 반영 | H8: 등기구 패밀리 위치와 회로 정보 반영 | I8: 0.416667 | J8: 0.75 | K8: =IF(OR(I8="",J8=""),"",MAX(0,(J8-I8)*24)) | L8: 0.25 | M8: 예정 | N8: 보통 | P8: 반영 후 간섭 체크 | Q8: 검토전
A9: 46162 | B9: =IF(A9="","",TEXT(A9,"aaa")) | C9: H | D9: 박검토 | E9: 4공구 전력 | F9: 회의 | G9: 주간 설계회의 | H9: 토목/전기 인터페이스 이슈 정리 | I9: 0.666667 | J9: 0.708333 | K9: =IF(OR(I9="",J9=""),"",MAX(0,(J9-I9)*24)) | L9: 1 | M9: 완료 | N9: 높음 | O9: 토목팀 답변 대기 항목 2건 | P9: 회의록 배포 | Q9: 승인
A10: 46163 | B10: =IF(A10="","",TEXT(A10,"aaa")) | C10: H | D10: 홍길동 | E10: 4공구 전력 | F10: 문서 | G10: 심사 의견 대응표 작성 | H10: 설계심사 지적사항별 담당/기한 정리 | I10: 0.375 | J10: 0.625 | K10: =IF(OR(I10="",J10=""),"",MAX(0,(J10-I10)*24)) | L10: 0.4 | M10: 진행중 | N10: 긴급 | O10: 일부 근거자료 누락 | P10: 근거자료 취합 요청 | Q10: 검토전
B11: =IF(A11="","",TEXT(A11,"aaa")) | K11: =IF(OR(I11="",J11=""),"",MAX(0,(J11-I11)*24))
B12: =IF(A12="","",TEXT(A12,"aaa")) | K12: =IF(OR(I12="",J12=""),"",MAX(0,(J12-I12)*24))
B13: =IF(A13="","",TEXT(A13,"aaa")) | K13: =IF(OR(I13="",J13=""),"",MAX(0,(J13-I13)*24))
B14: =IF(A14="","",TEXT(A14,"aaa")) | K14: =IF(OR(I14="",J14=""),"",MAX(0,(J14-I14)*24))
B15: =IF(A15="","",TEXT(A15,"aaa")) | K15: =IF(OR(I15="",J15=""),"",MAX(0,(J15-I15)*24))
B16: =IF(A16="","",TEXT(A16,"aaa")) | K16: =IF(OR(I16="",J16=""),"",MAX(0,(J16-I16)*24))
B17: =IF(A17="","",TEXT(A17,"aaa")) | K17: =IF(OR(I17="",J17=""),"",MAX(0,(J17-I17)*24))
B18: =IF(A18="","",TEXT(A18,"aaa")) | K18: =IF(OR(I18="",J18=""),"",MAX(0,(J18-I18)*24))
B19: =IF(A19="","",TEXT(A19,"aaa")) | K19: =IF(OR(I19="",J19=""),"",MAX(0,(J19-I19)*24))
B20: =IF(A20="","",TEXT(A20,"aaa")) | K20: =IF(OR(I20="",J20=""),"",MAX(0,(J20-I20)*24))
B21: =IF(A21="","",TEXT(A21,"aaa")) | K21: =IF(OR(I21="",J21=""),"",MAX(0,(J21-I21)*24))
B22: =IF(A22="","",TEXT(A22,"aaa")) | K22: =IF(OR(I22="",J22=""),"",MAX(0,(J22-I22)*24))
... B206: =IF(A206="","",TEXT(A206,"aaa")) | K206: =IF(OR(I206="",J206=""),"",MAX(0,(J206-I206)*24))

Sheet 코드표
A1: 코드표 | D1: 드롭다운 목록을 관리하는 시트입니다.
A3: 팀 | B3: 담당자 | C3: 업무유형 | D3: 상태 | E3: 중요도 | F3: 승인
A4: H | B4: 홍길동 | C4: 설계 | D4: 예정 | E4: 긴급 | F4: 검토전
A5: 전기 | B5: 김설계 | C5: 검토 | D5: 진행중 | E5: 높음 | F5: 검토중
A6: 토목 | B6: 박검토 | C6: 회의 | D6: 대기 | E6: 보통 | F6: 승인
A7: 건축 | B7: 이현장 | C7: 현장 | D7: 완료 | E7: 낮음 | F7: 반려
A8: 기계 | B8: 최문서 | C8: 문서 | D8: 이슈
A9: 협력사 | B9: 협력사 | C9: 모델링 | D9: 취소
C10: 협조
C11: 기타
A14: 수정 방법 | B14: 목록을 추가할 때는 같은 열의 아래쪽 빈칸에 값을 추가한 뒤, 업무일지 시트의 데이터 유효성 범위를 필요에 맞게 넓히면 됩니다.
